"Risk_Score","Readmission_Rate","Count"
0,26.4965652600589,1019
1,29.4672131147541,2440
2,35.732946298984,3445
3,40.3783278841663,4282
4,45.0761639133233,4661
5,49.4472593274988,4342
6,53.7789203084833,3890
7,55.5668016194332,2964
8,59.7236981934113,1882
9,63.2309217046581,1009
10,58.7002096436059,477
11,52.1008403361345,119
